sample_id,field,coder_A,coder_B,agreed,rule,note
S09,category,建模,Pareto,,coding-rubric-v2 §3 类别裁决表,
S102,category,功耗,异构,,coding-rubric-v2 §3 类别裁决表,
S118,category,建模,测量,,coding-rubric-v2 §3 类别裁决表,
S120,category,Pareto,功耗,,coding-rubric-v2 §3 类别裁决表,
S17,category,图层,Pareto,,coding-rubric-v2 §3 类别裁决表,
S18,category,图层,Pareto,,coding-rubric-v2 §3 类别裁决表,
S19,category,图层,Pareto,,coding-rubric-v2 §3 类别裁决表,
S21,category,循环层,建模,,coding-rubric-v2 §3 类别裁决表,
S22,category,异构,Pareto,,coding-rubric-v2 §3 类别裁决表,
S25,category,循环层,AI4C,,coding-rubric-v2 §3 类别裁决表,
S29,category,异构,Pareto,,coding-rubric-v2 §3 类别裁决表,
S32,category,异构,TinyML,,coding-rubric-v2 §3 类别裁决表,
S35,category,建模,功耗,,coding-rubric-v2 §3 类别裁决表,
S44,category,循环层,AI4C,,coding-rubric-v2 §3 类别裁决表,
S46,category,AI4C,循环层,,coding-rubric-v2 §3 类别裁决表,
S56,category,循环层,Pareto,,coding-rubric-v2 §3 类别裁决表,
S57,category,循环层,Pareto,,coding-rubric-v2 §3 类别裁决表,
S58,category,异构,建模,,coding-rubric-v2 §3 类别裁决表,
S59,category,建模,测量,,coding-rubric-v2 §3 类别裁决表,
S60,category,建模,AI4C,,coding-rubric-v2 §3 类别裁决表,
S64,category,图层,循环层,,coding-rubric-v2 §3 类别裁决表,
S68,category,循环层,AI4C,,coding-rubric-v2 §3 类别裁决表,
S90,category,TinyML,Pareto,,coding-rubric-v2 §3 类别裁决表,
S91,category,TinyML,稀疏,,coding-rubric-v2 §3 类别裁决表,
S01,granularity,Other,Graph,,coding-rubric-v2 §2 粒度定义 / §1 粒度 Other 判据,
S102,granularity,Power,Placement,,coding-rubric-v2 §2 粒度定义 / §1 粒度 Other 判据,
S103,granularity,Other,Loop/Op,,coding-rubric-v2 §2 粒度定义 / §1 粒度 Other 判据,
S106,granularity,Other,Loop/Op,,coding-rubric-v2 §2 粒度定义 / §1 粒度 Other 判据,
S108,granularity,Other,Loop/Op,,coding-rubric-v2 §2 粒度定义 / §1 粒度 Other 判据,
S120,granularity,Graph,Power,,coding-rubric-v2 §2 粒度定义 / §1 粒度 Other 判据,
S29,granularity,Placement,Graph,,coding-rubric-v2 §2 粒度定义 / §1 粒度 Other 判据,
S32,granularity,Placement,Graph,,coding-rubric-v2 §2 粒度定义 / §1 粒度 Other 判据,
S41,granularity,Other,Loop/Op,,coding-rubric-v2 §2 粒度定义 / §1 粒度 Other 判据,
S42,granularity,Other,Loop/Op,,coding-rubric-v2 §2 粒度定义 / §1 粒度 Other 判据,
S43,granularity,Other,Loop/Op,,coding-rubric-v2 §2 粒度定义 / §1 粒度 Other 判据,
S45,granularity,Other,Loop/Op,,coding-rubric-v2 §2 粒度定义 / §1 粒度 Other 判据,
S46,granularity,Other,Loop/Op,,coding-rubric-v2 §2 粒度定义 / §1 粒度 Other 判据,
S52,granularity,Loop/Op,Graph,,coding-rubric-v2 §2 粒度定义 / §1 粒度 Other 判据,
S53,granularity,Loop/Op,Graph,,coding-rubric-v2 §2 粒度定义 / §1 粒度 Other 判据,
S58,granularity,Placement,Loop/Op,,coding-rubric-v2 §2 粒度定义 / §1 粒度 Other 判据,
S64,granularity,Graph,Loop/Op,,coding-rubric-v2 §2 粒度定义 / §1 粒度 Other 判据,
S74,granularity,Loop/Op,Other,,coding-rubric-v2 §2 粒度定义 / §1 粒度 Other 判据,
S76,granularity,Loop/Op,Other,,coding-rubric-v2 §2 粒度定义 / §1 粒度 Other 判据,
S77,granularity,Other,Loop/Op,,coding-rubric-v2 §2 粒度定义 / §1 粒度 Other 判据,
S78,granularity,Other,Loop/Op,,coding-rubric-v2 §2 粒度定义 / §1 粒度 Other 判据,
S79,granularity,Other,Graph,,coding-rubric-v2 §2 粒度定义 / §1 粒度 Other 判据,
S80,granularity,Other,Graph,,coding-rubric-v2 §2 粒度定义 / §1 粒度 Other 判据,
S81,granularity,Other,Graph,,coding-rubric-v2 §2 粒度定义 / §1 粒度 Other 判据,
S82,granularity,Other,Graph,,coding-rubric-v2 §2 粒度定义 / §1 粒度 Other 判据,
S85,granularity,Other,Loop/Op,,coding-rubric-v2 §2 粒度定义 / §1 粒度 Other 判据,
S86,granularity,Other,Loop/Op,,coding-rubric-v2 §2 粒度定义 / §1 粒度 Other 判据,
S89,granularity,Other,Graph,,coding-rubric-v2 §2 粒度定义 / §1 粒度 Other 判据,
S91,granularity,Other,Graph,,coding-rubric-v2 §2 粒度定义 / §1 粒度 Other 判据,
S92,granularity,Other,Graph,,coding-rubric-v2 §2 粒度定义 / §1 粒度 Other 判据,
S102,mechanism,Analytical,AutoSearch,,coding-rubric-v2 §1-§2 + v3 M1/M2,
S106,mechanism,Agentic,Learned,,coding-rubric-v2 §1-§2 + v3 M1/M2,
S118,mechanism,Analytical,Other,,coding-rubric-v2 §1-§2 + v3 M1/M2,
S15,mechanism,Analytical,AutoSearch,,coding-rubric-v2 §1-§2 + v3 M1/M2,
S18,mechanism,Analytical,AutoSearch,,coding-rubric-v2 §1-§2 + v3 M1/M2,
S19,mechanism,Analytical,AutoSearch,,coding-rubric-v2 §1-§2 + v3 M1/M2,
S30,mechanism,Analytical,AutoSearch,,coding-rubric-v2 §1-§2 + v3 M1/M2,
S32,mechanism,Analytical,AutoSearch,,coding-rubric-v2 §1-§2 + v3 M1/M2,
S35,mechanism,Analytical,Learned,,coding-rubric-v2 §1-§2 + v3 M1/M2,
S36,mechanism,Learned,AutoSearch,,coding-rubric-v2 §1-§2 + v3 M1/M2,
S39,mechanism,Analytical,AutoSearch,,coding-rubric-v2 §1-§2 + v3 M1/M2,
S40,mechanism,Analytical,AutoSearch,,coding-rubric-v2 §1-§2 + v3 M1/M2,
S44,mechanism,Other,Agentic,,coding-rubric-v2 §1-§2 + v3 M1/M2,
S46,mechanism,AutoSearch,Analytical,,coding-rubric-v2 §1-§2 + v3 M1/M2,
S53,mechanism,Learned,Analytical,,coding-rubric-v2 §1-§2 + v3 M1/M2,
S58,mechanism,AutoSearch,Analytical,,coding-rubric-v2 §1-§2 + v3 M1/M2,
S59,mechanism,Learned,Other,,coding-rubric-v2 §1-§2 + v3 M1/M2,
S61,mechanism,Analytical,AutoSearch,,coding-rubric-v2 §1-§2 + v3 M1/M2,
S64,mechanism,Analytical,AutoSearch,,coding-rubric-v2 §1-§2 + v3 M1/M2,
S66,mechanism,Analytical,AutoSearch,,coding-rubric-v2 §1-§2 + v3 M1/M2,
S68,mechanism,AutoSearch,Learned,,coding-rubric-v2 §1-§2 + v3 M1/M2,
S70,mechanism,AutoSearch,Other,,coding-rubric-v2 §1-§2 + v3 M1/M2,
S75,mechanism,AutoSearch,Other,,coding-rubric-v2 §1-§2 + v3 M1/M2,
S79,mechanism,Other,Learned,,coding-rubric-v2 §1-§2 + v3 M1/M2,
S80,mechanism,AutoSearch,Learned,,coding-rubric-v2 §1-§2 + v3 M1/M2,
S81,mechanism,Other,Analytical,,coding-rubric-v2 §1-§2 + v3 M1/M2,
S84,mechanism,AutoSearch,Analytical,,coding-rubric-v2 §1-§2 + v3 M1/M2,
S88,mechanism,AutoSearch,Analytical,,coding-rubric-v2 §1-§2 + v3 M1/M2,
S89,mechanism,AutoSearch,Other,,coding-rubric-v2 §1-§2 + v3 M1/M2,
S90,mechanism,Analytical,AutoSearch,,coding-rubric-v2 §1-§2 + v3 M1/M2,
S01,object_type,专用加速器与体系结构,测量与基准设施,,coding-rubric-v3 一、对象类型,
S02,object_type,专用加速器与体系结构,测量与基准设施,,coding-rubric-v3 一、对象类型,
S18,object_type,通用编译栈,负载与模型层,,coding-rubric-v3 一、对象类型,
S19,object_type,通用编译栈,负载与模型层,,coding-rubric-v3 一、对象类型,
S35,object_type,测量与基准设施,通用编译栈,,coding-rubric-v3 一、对象类型,
S37,object_type,通用编译栈,专用加速器与体系结构,,coding-rubric-v3 一、对象类型,
S77,object_type,专用加速器与体系结构,通用编译栈,,coding-rubric-v3 一、对象类型,
S86,object_type,通用编译栈,专用加速器与体系结构,,coding-rubric-v3 一、对象类型,
S93,object_type,通用编译栈,负载与模型层,,coding-rubric-v3 一、对象类型,
S95,object_type,测量与基准设施,通用编译栈,,coding-rubric-v3 一、对象类型,
S97,object_type,测量与基准设施,专用加速器与体系结构,,coding-rubric-v3 一、对象类型,
S98,object_type,测量与基准设施,专用加速器与体系结构,,coding-rubric-v3 一、对象类型,
