model,backend,precision,tag,batch,graph_opt_level,intra_op_threads,rep,flops_approx_g,mean_lat_ms,p95_lat_ms,throughput_qps,mean_power_w,idle_power_w,energy_j_per_inf,energy_net_j_per_inf,edp,static_share_pct,samples,run_wall_s,gpu_index,gpu_name,driver_version,sm_clock_mhz,max_sm_clock_mhz,power_limit_w,temp_gpu_c,util_gpu_pct
resnet18,ort-cuda,fp32,resnet18-ort-fp32-opt0-b1,1,0,0,1,1.8,0.65,0.676,1537.19,146.2436,57.07,0.095064,0.057966,6.1795e-05,39.0,76,20.0,0,NVIDIA GeForce RTX 4090,580.105.08,2730,3105,450.00,39,68
resnet18,ort-cuda,fp32,resnet18-ort-fp32-opt0-b1,1,0,0,2,1.8,0.6476,0.6725,1542.92,150.5582,57.07,0.097499,0.060541,6.3138e-05,37.9,78,20.0,0,NVIDIA GeForce RTX 4090,580.105.08,2715,3105,450.00,37,68
resnet18,ort-cuda,fp32,resnet18-ort-fp32-opt0-b1,1,0,0,3,1.8,0.6516,0.6789,1533.55,150.3375,57.07,0.097954,0.06077,6.3824e-05,38.0,79,20.0,0,NVIDIA GeForce RTX 4090,580.105.08,2715,3105,450.00,42,68
resnet18,ort-cuda,fp32,resnet18-ort-fp32-opt0-b1,1,0,0,4,1.8,0.6505,0.6699,1536.02,150.0147,57.07,0.097587,0.060462,6.3482e-05,38.0,75,20.0,0,NVIDIA GeForce RTX 4090,580.105.08,2715,3105,450.00,40,61
resnet18,ort-cuda,fp32,resnet18-ort-fp32-opt0-b1,1,0,0,5,1.8,0.6512,0.6732,1534.37,150.6142,57.07,0.098083,0.060918,6.3874e-05,37.9,76,20.0,0,NVIDIA GeForce RTX 4090,580.105.08,2715,3105,450.00,44,68
resnet18,ort-cuda,fp32,resnet18-ort-fp32-opt0-b1,1,0,0,6,1.8,0.6564,0.6906,1522.26,148.6332,57.07,0.097562,0.060101,6.4039e-05,38.4,76,20.0,0,NVIDIA GeForce RTX 4090,580.105.08,2715,3105,450.00,44,68
resnet18,ort-cuda,fp32,resnet18-ort-fp32-opt0-b1,1,0,0,7,1.8,0.6521,0.6789,1532.3,150.1915,57.07,0.097941,0.060725,6.3868e-05,38.0,75,20.0,0,NVIDIA GeForce RTX 4090,580.105.08,2715,3105,450.00,44,68
resnet18,ort-cuda,fp32,resnet18-ort-fp32-opt0-b1,1,0,0,8,1.8,0.6528,0.6785,1530.54,150.7682,57.07,0.098429,0.061171,6.4259e-05,37.9,76,20.0,0,NVIDIA GeForce RTX 4090,580.105.08,2715,3105,450.00,41,37
resnet18,ort-cuda,fp32,resnet18-ort-fp32-opt0-b16,16,0,0,1,1.8,2.3209,2.4365,430.77,218.5669,57.12,0.507269,0.3747,0.001177313,26.1,72,20.0,0,NVIDIA GeForce RTX 4090,580.105.08,2700,3105,450.00,45,95
resnet18,ort-cuda,fp32,resnet18-ort-fp32-opt0-b16,16,0,0,2,1.8,2.321,2.4379,430.74,222.8704,57.12,0.517276,0.384702,0.001200583,25.6,75,20.0,0,NVIDIA GeForce RTX 4090,580.105.08,2715,3105,450.00,44,0
resnet18,ort-cuda,fp32,resnet18-ort-fp32-opt0-b16,16,0,0,3,1.8,2.3204,2.4337,430.85,220.4339,57.12,0.511496,0.378955,0.00118688,25.9,74,20.0,0,NVIDIA GeForce RTX 4090,580.105.08,2715,3105,450.00,53,95
resnet18,ort-cuda,fp32,resnet18-ort-fp32-opt0-b16,16,0,0,4,1.8,2.3252,2.4438,429.97,220.6126,57.12,0.512969,0.380154,0.001192757,25.9,73,20.0,0,NVIDIA GeForce RTX 4090,580.105.08,2700,3105,450.00,47,95
resnet18,ort-cuda,fp32,resnet18-ort-fp32-opt0-b16,16,0,0,5,1.8,2.3248,2.4368,430.03,224.1691,57.12,0.521156,0.388361,0.001211599,25.5,74,20.0,0,NVIDIA GeForce RTX 4090,580.105.08,2700,3105,450.00,53,95
resnet18,ort-cuda,fp32,resnet18-ort-fp32-opt0-b16,16,0,0,6,1.8,2.3246,2.4407,430.07,220.948,57.12,0.513624,0.38084,0.001193988,25.9,74,20.0,0,NVIDIA GeForce RTX 4090,580.105.08,2700,3105,450.00,49,95
resnet18,ort-cuda,fp32,resnet18-ort-fp32-opt0-b16,16,0,0,7,1.8,2.3239,2.4387,430.21,224.3704,57.12,0.521415,0.388674,0.001211718,25.5,76,20.0,0,NVIDIA GeForce RTX 4090,580.105.08,2700,3105,450.00,53,95
resnet18,ort-cuda,fp32,resnet18-ort-fp32-opt0-b16,16,0,0,8,1.8,2.3243,2.4428,430.13,221.4082,57.12,0.514626,0.38186,0.001196162,25.8,76,20.0,0,NVIDIA GeForce RTX 4090,580.105.08,2700,3105,450.00,53,95
resnet18,ort-cuda,fp32,resnet18-ort-fp32-opt1-b1,1,1,0,1,1.8,0.6347,0.6608,1574.26,152.0019,57.8,0.096475,0.059789,6.1232e-05,38.0,75,20.0,0,NVIDIA GeForce RTX 4090,580.105.08,2715,3105,450.00,45,69
resnet18,ort-cuda,fp32,resnet18-ort-fp32-opt1-b1,1,1,0,2,1.8,0.6394,0.6738,1562.61,153.0272,57.8,0.097846,0.060889,6.2563e-05,37.8,75,20.0,0,NVIDIA GeForce RTX 4090,580.105.08,2715,3105,450.00,44,69
resnet18,ort-cuda,fp32,resnet18-ort-fp32-opt1-b1,1,1,0,3,1.8,0.6349,0.6611,1573.62,154.1849,57.8,0.097898,0.061199,6.2159e-05,37.5,78,20.0,0,NVIDIA GeForce RTX 4090,580.105.08,2715,3105,450.00,41,0
resnet18,ort-cuda,fp32,resnet18-ort-fp32-opt1-b1,1,1,0,4,1.8,0.6352,0.6651,1572.92,153.4189,57.8,0.097456,0.06074,6.1907e-05,37.7,76,20.0,0,NVIDIA GeForce RTX 4090,580.105.08,2715,3105,450.00,44,67
resnet18,ort-cuda,fp32,resnet18-ort-fp32-opt1-b1,1,1,0,5,1.8,0.641,0.6772,1558.76,152.7051,57.8,0.097885,0.060835,6.2745e-05,37.9,76,20.0,0,NVIDIA GeForce RTX 4090,580.105.08,2715,3105,450.00,44,68
resnet18,ort-cuda,fp32,resnet18-ort-fp32-opt1-b1,1,1,0,6,1.8,0.6789,0.7073,1471.77,146.941,57.8,0.099758,0.060518,6.7726e-05,39.3,77,20.0,0,NVIDIA GeForce RTX 4090,580.105.08,2715,3105,450.00,44,66
resnet18,ort-cuda,fp32,resnet18-ort-fp32-opt1-b1,1,1,0,7,1.8,0.6672,0.7146,1497.48,148.6289,57.8,0.099172,0.060605,6.6172e-05,38.9,74,20.0,0,NVIDIA GeForce RTX 4090,580.105.08,2715,3105,450.00,44,65
resnet18,ort-cuda,fp32,resnet18-ort-fp32-opt1-b1,1,1,0,8,1.8,0.6835,0.7161,1461.88,147.4312,57.8,0.10077,0.061264,6.8877e-05,39.2,75,20.0,0,NVIDIA GeForce RTX 4090,580.105.08,2715,3105,450.00,44,63
resnet18,ort-cuda,fp32,resnet18-ort-fp32-opt1-b16,16,1,0,1,1.8,2.3212,2.4367,430.71,217.1679,56.82,0.504085,0.372195,0.001170068,26.2,75,20.0,0,NVIDIA GeForce RTX 4090,580.105.08,2715,3105,450.00,43,0
resnet18,ort-cuda,fp32,resnet18-ort-fp32-opt1-b16,16,1,0,2,1.8,2.3207,2.4343,430.8,219.9301,56.82,0.510391,0.378529,0.001184463,25.8,77,20.0,0,NVIDIA GeForce RTX 4090,580.105.08,2715,3105,450.00,52,95
resnet18,ort-cuda,fp32,resnet18-ort-fp32-opt1-b16,16,1,0,3,1.8,2.3218,2.4396,430.6,220.943,56.82,0.512982,0.381058,0.001191034,25.7,77,20.0,0,NVIDIA GeForce RTX 4090,580.105.08,2715,3105,450.00,47,95
resnet18,ort-cuda,fp32,resnet18-ort-fp32-opt1-b16,16,1,0,4,1.8,2.3215,2.4345,430.66,224.939,56.82,0.522193,0.390286,0.001212265,25.3,78,20.0,0,NVIDIA GeForce RTX 4090,580.105.08,2715,3105,450.00,54,95
resnet18,ort-cuda,fp32,resnet18-ort-fp32-opt1-b16,16,1,0,5,1.8,2.3263,2.4458,429.76,224.7764,56.82,0.522906,0.390723,0.001216454,25.3,78,20.0,0,NVIDIA GeForce RTX 4090,580.105.08,2700,3105,450.00,54,44
resnet18,ort-cuda,fp32,resnet18-ort-fp32-opt1-b16,16,1,0,6,1.8,2.3285,2.4473,429.36,224.4099,56.82,0.522539,0.390233,0.001216733,25.3,77,20.0,0,NVIDIA GeForce RTX 4090,580.105.08,2700,3105,450.00,54,95
resnet18,ort-cuda,fp32,resnet18-ort-fp32-opt1-b16,16,1,0,7,1.8,2.3339,2.4589,428.36,224.3721,56.82,0.523663,0.391051,0.001222182,25.3,78,20.0,0,NVIDIA GeForce RTX 4090,580.105.08,2700,3105,450.00,54,95
resnet18,ort-cuda,fp32,resnet18-ort-fp32-opt1-b16,16,1,0,8,1.8,2.327,2.4396,429.63,223.7777,56.82,0.520739,0.388517,0.001211777,25.4,74,20.0,0,NVIDIA GeForce RTX 4090,580.105.08,2700,3105,450.00,54,95
resnet18,ort-cuda,fp32,resnet18-ort-fp32-opt2-b1,1,2,0,1,1.8,0.6368,0.6721,1569.21,154.1562,58.5667,0.098167,0.060872,6.2513e-05,38.0,76,20.0,0,NVIDIA GeForce RTX 4090,580.105.08,2715,3105,450.00,47,70
resnet18,ort-cuda,fp32,resnet18-ort-fp32-opt2-b1,1,2,0,2,1.8,0.6663,0.7003,1499.71,152.7999,58.5667,0.10181,0.062787,6.7835e-05,38.3,74,20.0,0,NVIDIA GeForce RTX 4090,580.105.08,2715,3105,450.00,46,66
resnet18,ort-cuda,fp32,resnet18-ort-fp32-opt2-b1,1,2,0,3,1.8,0.6454,0.6906,1548.33,154.8457,58.5667,0.099932,0.062135,6.4493e-05,37.8,76,20.0,0,NVIDIA GeForce RTX 4090,580.105.08,2715,3105,450.00,43,70
resnet18,ort-cuda,fp32,resnet18-ort-fp32-opt2-b1,1,2,0,4,1.8,0.6375,0.6655,1567.45,153.827,58.5667,0.098065,0.060729,6.2517e-05,38.1,74,20.0,0,NVIDIA GeForce RTX 4090,580.105.08,2715,3105,450.00,45,70
resnet18,ort-cuda,fp32,resnet18-ort-fp32-opt2-b1,1,2,0,5,1.8,0.6381,0.6666,1566.0,154.7532,58.5667,0.098747,0.061376,6.301e-05,37.8,74,20.0,0,NVIDIA GeForce RTX 4090,580.105.08,2715,3105,450.00,45,70
resnet18,ort-cuda,fp32,resnet18-ort-fp32-opt2-b1,1,2,0,6,1.8,0.6352,0.6615,1573.23,154.9662,58.5667,0.098428,0.061229,6.2517e-05,37.8,76,20.0,0,NVIDIA GeForce RTX 4090,580.105.08,2715,3105,450.00,41,0
resnet18,ort-cuda,fp32,resnet18-ort-fp32-opt2-b1,1,2,0,7,1.8,0.6578,0.6964,1519.21,150.4993,58.5667,0.098992,0.060469,6.5113e-05,38.9,74,20.0,0,NVIDIA GeForce RTX 4090,580.105.08,2715,3105,450.00,45,70
resnet18,ort-cuda,fp32,resnet18-ort-fp32-opt2-b1,1,2,0,8,1.8,0.6391,0.668,1563.5,154.9232,58.5667,0.099013,0.061583,6.3281e-05,37.8,76,20.0,0,NVIDIA GeForce RTX 4090,580.105.08,2715,3105,450.00,46,69
resnet18,ort-cuda,fp32,resnet18-ort-fp32-opt2-b16,16,2,0,1,1.8,2.3239,2.4293,430.2,219.2818,56.405,0.509598,0.378516,0.001184274,25.7,76,20.0,0,NVIDIA GeForce RTX 4090,580.105.08,2715,3105,450.00,46,44
resnet18,ort-cuda,fp32,resnet18-ort-fp32-opt2-b16,16,2,0,2,1.8,2.3245,2.4356,430.1,220.7513,56.405,0.513132,0.38202,0.001192767,25.6,75,20.0,0,NVIDIA GeForce RTX 4090,580.105.08,2715,3105,450.00,53,95
resnet18,ort-cuda,fp32,resnet18-ort-fp32-opt2-b16,16,2,0,3,1.8,2.3231,2.4318,430.36,224.0023,56.405,0.520377,0.389343,0.00120888,25.2,74,20.0,0,NVIDIA GeForce RTX 4090,580.105.08,2715,3105,450.00,48,0
resnet18,ort-cuda,fp32,resnet18-ort-fp32-opt2-b16,16,2,0,4,1.8,2.3275,2.4413,429.53,222.8545,56.405,0.518701,0.387417,0.001207293,25.3,75,20.0,0,NVIDIA GeForce RTX 4090,580.105.08,2700,3105,450.00,54,95
resnet18,ort-cuda,fp32,resnet18-ort-fp32-opt2-b16,16,2,0,5,1.8,2.3295,2.4466,429.17,224.3196,56.405,0.522554,0.391158,0.001217292,25.1,74,20.0,0,NVIDIA GeForce RTX 4090,580.105.08,2700,3105,450.00,54,95
resnet18,ort-cuda,fp32,resnet18-ort-fp32-opt2-b16,16,2,0,6,1.8,2.3277,2.439,429.51,225.3147,56.405,0.524457,0.393165,0.001220758,25.0,74,20.0,0,NVIDIA GeForce RTX 4090,580.105.08,2700,3105,450.00,54,95
resnet18,ort-cuda,fp32,resnet18-ort-fp32-opt2-b16,16,2,0,7,1.8,2.3265,2.4303,429.72,224.9069,56.405,0.523244,0.392019,0.001217325,25.1,75,20.0,0,NVIDIA GeForce RTX 4090,580.105.08,2700,3105,450.00,55,95
resnet18,ort-cuda,fp32,resnet18-ort-fp32-opt2-b16,16,2,0,8,1.8,2.3291,2.4366,429.24,220.7845,56.405,0.514234,0.38286,0.001197712,25.5,74,20.0,0,NVIDIA GeForce RTX 4090,580.105.08,2700,3105,450.00,49,59
resnet18,ort-cuda,fp32,resnet18-ort-fp32-opt99-b1,1,99,0,1,1.8,0.6287,0.6552,1589.08,152.6416,58.42,0.095972,0.059241,6.0342e-05,38.3,77,20.0,0,NVIDIA GeForce RTX 4090,580.105.08,2715,3105,450.00,47,70
resnet18,ort-cuda,fp32,resnet18-ort-fp32-opt99-b1,1,99,0,2,1.8,0.6296,0.6615,1586.76,154.5101,58.42,0.097287,0.060503,6.1257e-05,37.8,76,20.0,0,NVIDIA GeForce RTX 4090,580.105.08,2715,3105,450.00,46,70
resnet18,ort-cuda,fp32,resnet18-ort-fp32-opt99-b1,1,99,0,3,1.8,0.6307,0.6615,1584.2,154.8312,58.42,0.097649,0.060805,6.1585e-05,37.7,74,20.0,0,NVIDIA GeForce RTX 4090,580.105.08,2715,3105,450.00,46,70
resnet18,ort-cuda,fp32,resnet18-ort-fp32-opt99-b1,1,99,0,4,1.8,0.6272,0.6495,1592.9,154.3775,58.42,0.09683,0.060187,6.0735e-05,37.8,76,20.0,0,NVIDIA GeForce RTX 4090,580.105.08,2715,3105,450.00,44,67
resnet18,ort-cuda,fp32,resnet18-ort-fp32-opt99-b1,1,99,0,5,1.8,0.6262,0.6488,1595.48,154.2736,58.42,0.096609,0.060025,6.0498e-05,37.9,76,20.0,0,NVIDIA GeForce RTX 4090,580.105.08,2715,3105,450.00,43,71
resnet18,ort-cuda,fp32,resnet18-ort-fp32-opt99-b1,1,99,0,6,1.8,0.6282,0.6568,1590.35,153.5147,58.42,0.096444,0.059742,6.059e-05,38.1,75,20.0,0,NVIDIA GeForce RTX 4090,580.105.08,2715,3105,450.00,46,70
resnet18,ort-cuda,fp32,resnet18-ort-fp32-opt99-b1,1,99,0,7,1.8,0.6328,0.6685,1579.01,153.9263,58.42,0.097397,0.060432,6.1628e-05,38.0,70,20.0,0,NVIDIA GeForce RTX 4090,580.105.08,2715,3105,450.00,45,69
resnet18,ort-cuda,fp32,resnet18-ort-fp32-opt99-b1,1,99,0,8,1.8,0.6289,0.6523,1588.71,154.2831,58.42,0.097027,0.060287,6.1019e-05,37.9,75,20.0,0,NVIDIA GeForce RTX 4090,580.105.08,2715,3105,450.00,46,70
resnet18,ort-cuda,fp32,resnet18-ort-fp32-opt99-b16,16,99,0,1,1.8,2.3427,2.4562,426.75,217.6084,56.6567,0.509798,0.377067,0.00119432,26.0,74,20.0,0,NVIDIA GeForce RTX 4090,580.105.08,2700,3105,450.00,51,95
resnet18,ort-cuda,fp32,resnet18-ort-fp32-opt99-b16,16,99,0,2,1.8,2.3442,2.4601,426.47,221.7304,56.6567,0.519791,0.386974,0.001218518,25.6,74,20.0,0,NVIDIA GeForce RTX 4090,580.105.08,2700,3105,450.00,53,95
resnet18,ort-cuda,fp32,resnet18-ort-fp32-opt99-b16,16,99,0,3,1.8,2.3438,2.459,426.56,224.1761,56.6567,0.525419,0.392629,0.001231467,25.3,76,20.0,0,NVIDIA GeForce RTX 4090,580.105.08,2700,3105,450.00,54,39
resnet18,ort-cuda,fp32,resnet18-ort-fp32-opt99-b16,16,99,0,4,1.8,2.3445,2.4628,426.43,222.0997,56.6567,0.520712,0.387881,0.001220808,25.5,74,20.0,0,NVIDIA GeForce RTX 4090,580.105.08,2700,3105,450.00,55,95
resnet18,ort-cuda,fp32,resnet18-ort-fp32-opt99-b16,16,99,0,5,1.8,2.3438,2.4613,426.55,224.3865,56.6567,0.525913,0.393122,0.001232624,25.2,74,20.0,0,NVIDIA GeForce RTX 4090,580.105.08,2700,3105,450.00,49,30
resnet18,ort-cuda,fp32,resnet18-ort-fp32-opt99-b16,16,99,0,6,1.8,2.344,2.4594,426.52,225.1714,56.6567,0.527799,0.394997,0.001237154,25.2,76,20.0,0,NVIDIA GeForce RTX 4090,580.105.08,2700,3105,450.00,48,95
resnet18,ort-cuda,fp32,resnet18-ort-fp32-opt99-b16,16,99,0,7,1.8,2.3426,2.4532,426.78,224.0423,56.6567,0.524834,0.392112,0.001229457,25.3,74,20.0,0,NVIDIA GeForce RTX 4090,580.105.08,2700,3105,450.00,48,0
resnet18,ort-cuda,fp32,resnet18-ort-fp32-opt99-b16,16,99,0,8,1.8,2.3438,2.454,426.56,224.6603,56.6567,0.526548,0.393759,0.001234097,25.2,74,20.0,0,NVIDIA GeForce RTX 4090,580.105.08,2700,3105,450.00,55,95
mobilenetv3_large,ort-cuda,fp32,mobilenetv3_large-ort-fp32-opt0-b1,1,0,0,1,0.44,1.405,1.5335,711.46,94.8066,59.3167,0.133205,0.049864,0.000187156,62.6,74,20.0,0,NVIDIA GeForce RTX 4090,580.105.08,2715,3105,450.00,39,43
mobilenetv3_large,ort-cuda,fp32,mobilenetv3_large-ort-fp32-opt0-b1,1,0,0,2,0.44,1.4028,1.535,712.56,94.8432,59.3167,0.133047,0.049837,0.000186638,62.5,76,20.0,0,NVIDIA GeForce RTX 4090,580.105.08,2715,3105,450.00,37,0
mobilenetv3_large,ort-cuda,fp32,mobilenetv3_large-ort-fp32-opt0-b1,1,0,0,3,0.44,1.4042,1.5345,711.88,93.7972,59.3167,0.131708,0.048417,0.000184941,63.2,76,20.0,0,NVIDIA GeForce RTX 4090,580.105.08,2715,3105,450.00,38,43
mobilenetv3_large,ort-cuda,fp32,mobilenetv3_large-ort-fp32-opt0-b1,1,0,0,4,0.44,1.4058,1.5362,711.02,93.6356,59.3167,0.131637,0.048247,0.000185062,63.3,73,20.0,0,NVIDIA GeForce RTX 4090,580.105.08,2715,3105,450.00,38,42
mobilenetv3_large,ort-cuda,fp32,mobilenetv3_large-ort-fp32-opt0-b1,1,0,0,5,0.44,1.4125,1.5437,707.67,93.599,59.3167,0.132212,0.048425,0.000186755,63.4,79,20.0,0,NVIDIA GeForce RTX 4090,580.105.08,2715,3105,450.00,36,0
mobilenetv3_large,ort-cuda,fp32,mobilenetv3_large-ort-fp32-opt0-b1,1,0,0,6,0.44,1.404,1.5271,711.96,94.1114,59.3167,0.132132,0.048852,0.000185514,63.0,78,20.0,0,NVIDIA GeForce RTX 4090,580.105.08,2715,3105,450.00,38,43
mobilenetv3_large,ort-cuda,fp32,mobilenetv3_large-ort-fp32-opt0-b1,1,0,0,7,0.44,1.4207,1.5434,703.63,94.1386,59.3167,0.133738,0.04947,0.000189995,63.0,76,20.0,0,NVIDIA GeForce RTX 4090,580.105.08,2715,3105,450.00,38,42
mobilenetv3_large,ort-cuda,fp32,mobilenetv3_large-ort-fp32-opt0-b1,1,0,0,8,0.44,1.4027,1.5291,712.65,94.4492,59.3167,0.13248,0.049279,0.000185824,62.8,79,20.0,0,NVIDIA GeForce RTX 4090,580.105.08,2715,3105,450.00,37,0
mobilenetv3_large,ort-cuda,fp32,mobilenetv3_large-ort-fp32-opt0-b16,16,0,0,1,0.44,2.1743,2.2953,459.8,212.7167,57.1083,0.462517,0.338344,0.001005664,26.8,76,20.0,0,NVIDIA GeForce RTX 4090,580.105.08,2715,3105,450.00,44,94
mobilenetv3_large,ort-cuda,fp32,mobilenetv3_large-ort-fp32-opt0-b16,16,0,0,2,0.44,2.1775,2.2985,459.13,215.1704,57.1083,0.468527,0.344176,0.001020205,26.5,75,20.0,0,NVIDIA GeForce RTX 4090,580.105.08,2700,3105,450.00,47,56
mobilenetv3_large,ort-cuda,fp32,mobilenetv3_large-ort-fp32-opt0-b16,16,0,0,3,0.44,2.1794,2.3019,458.72,218.3017,57.1083,0.475775,0.351311,0.001036922,26.2,76,20.0,0,NVIDIA GeForce RTX 4090,580.105.08,2700,3105,450.00,53,94
mobilenetv3_large,ort-cuda,fp32,mobilenetv3_large-ort-fp32-opt0-b16,16,0,0,4,0.44,2.1801,2.3023,458.57,218.5626,57.1083,0.476498,0.351993,0.001038832,26.1,76,20.0,0,NVIDIA GeForce RTX 4090,580.105.08,2700,3105,450.00,54,94
mobilenetv3_large,ort-cuda,fp32,mobilenetv3_large-ort-fp32-opt0-b16,16,0,0,5,0.44,2.179,2.3002,458.82,219.6428,57.1083,0.478599,0.354161,0.001042861,26.0,74,20.0,0,NVIDIA GeForce RTX 4090,580.105.08,2700,3105,450.00,48,0
mobilenetv3_large,ort-cuda,fp32,mobilenetv3_large-ort-fp32-opt0-b16,16,0,0,6,0.44,2.1799,2.3048,458.62,218.9841,57.1083,0.477365,0.352874,0.00104061,26.1,74,20.0,0,NVIDIA GeForce RTX 4090,580.105.08,2700,3105,450.00,55,94
mobilenetv3_large,ort-cuda,fp32,mobilenetv3_large-ort-fp32-opt0-b16,16,0,0,7,0.44,2.179,2.302,458.8,217.2371,57.1083,0.47337,0.348928,0.001031494,26.3,75,20.0,0,NVIDIA GeForce RTX 4090,580.105.08,2700,3105,450.00,55,94
mobilenetv3_large,ort-cuda,fp32,mobilenetv3_large-ort-fp32-opt0-b16,16,0,0,8,0.44,2.1774,2.2977,459.16,219.3766,57.1083,0.477664,0.353318,0.001040052,26.0,74,20.0,0,NVIDIA GeForce RTX 4090,580.105.08,2700,3105,450.00,55,94
mobilenetv3_large,ort-cuda,fp32,mobilenetv3_large-ort-fp32-opt1-b1,1,1,0,1,0.44,1.3567,1.4825,736.82,95.794,58.8667,0.129964,0.0501,0.000176323,61.5,75,20.0,0,NVIDIA GeForce RTX 4090,580.105.08,2715,3105,450.00,41,44
mobilenetv3_large,ort-cuda,fp32,mobilenetv3_large-ort-fp32-opt1-b1,1,1,0,2,0.44,1.3508,1.4812,740.02,96.1156,58.8667,0.129832,0.050316,0.000175377,61.2,77,20.0,0,NVIDIA GeForce RTX 4090,580.105.08,2715,3105,450.00,40,45
mobilenetv3_large,ort-cuda,fp32,mobilenetv3_large-ort-fp32-opt1-b1,1,1,0,3,0.44,1.3527,1.4784,738.99,94.8615,58.8667,0.128318,0.04869,0.000173575,62.1,75,20.0,0,NVIDIA GeForce RTX 4090,580.105.08,2715,3105,450.00,39,45
mobilenetv3_large,ort-cuda,fp32,mobilenetv3_large-ort-fp32-opt1-b1,1,1,0,4,0.44,1.4054,1.4995,711.29,94.4787,58.8667,0.132778,0.050048,0.000186602,62.3,76,20.0,0,NVIDIA GeForce RTX 4090,580.105.08,2715,3105,450.00,38,44
mobilenetv3_large,ort-cuda,fp32,mobilenetv3_large-ort-fp32-opt1-b1,1,1,0,5,0.44,1.4094,1.4971,709.25,94.0827,58.8667,0.132602,0.049634,0.000186893,62.6,75,20.0,0,NVIDIA GeForce RTX 4090,580.105.08,2715,3105,450.00,38,45
mobilenetv3_large,ort-cuda,fp32,mobilenetv3_large-ort-fp32-opt1-b1,1,1,0,6,0.44,1.4139,1.511,706.98,93.6311,58.8667,0.132389,0.049155,0.00018719,62.9,75,20.0,0,NVIDIA GeForce RTX 4090,580.105.08,2730,3105,450.00,38,42
mobilenetv3_large,ort-cuda,fp32,mobilenetv3_large-ort-fp32-opt1-b1,1,1,0,7,0.44,1.3636,1.4865,733.05,94.6025,58.8667,0.129005,0.048731,0.000175917,62.2,75,20.0,0,NVIDIA GeForce RTX 4090,580.105.08,2730,3105,450.00,38,44
mobilenetv3_large,ort-cuda,fp32,mobilenetv3_large-ort-fp32-opt1-b1,1,1,0,8,0.44,1.3534,1.4832,738.6,94.3952,58.8667,0.127755,0.048085,0.000172905,62.4,79,20.0,0,NVIDIA GeForce RTX 4090,580.105.08,2730,3105,450.00,38,44
mobilenetv3_large,ort-cuda,fp32,mobilenetv3_large-ort-fp32-opt1-b16,16,1,0,1,0.44,2.1691,2.2914,460.91,212.4562,56.1967,0.460836,0.33894,0.000999592,26.5,76,20.0,0,NVIDIA GeForce RTX 4090,580.105.08,2715,3105,450.00,51,94
mobilenetv3_large,ort-cuda,fp32,mobilenetv3_large-ort-fp32-opt1-b16,16,1,0,2,0.44,2.1694,2.2921,460.83,216.7882,56.1967,0.470306,0.348391,0.001020293,25.9,73,20.0,0,NVIDIA GeForce RTX 4090,580.105.08,2700,3105,450.00,49,85
mobilenetv3_large,ort-cuda,fp32,mobilenetv3_large-ort-fp32-opt1-b16,16,1,0,3,0.44,2.1718,2.2918,460.34,217.0603,56.1967,0.471404,0.349358,0.001023777,25.9,74,20.0,0,NVIDIA GeForce RTX 4090,580.105.08,2700,3105,450.00,49,94
mobilenetv3_large,ort-cuda,fp32,mobilenetv3_large-ort-fp32-opt1-b16,16,1,0,4,0.44,2.1718,2.2921,460.34,217.5688,56.1967,0.472511,0.350465,0.00102619,25.8,75,20.0,0,NVIDIA GeForce RTX 4090,580.105.08,2700,3105,450.00,55,95
mobilenetv3_large,ort-cuda,fp32,mobilenetv3_large-ort-fp32-opt1-b16,16,1,0,5,0.44,2.1719,2.2913,460.31,218.1938,56.1967,0.473892,0.351839,0.00102924,25.8,74,20.0,0,NVIDIA GeForce RTX 4090,580.105.08,2700,3105,450.00,55,94
mobilenetv3_large,ort-cuda,fp32,mobilenetv3_large-ort-fp32-opt1-b16,16,1,0,6,0.44,2.1717,2.2927,460.36,218.5828,56.1967,0.474694,0.352652,0.001030887,25.7,74,20.0,0,NVIDIA GeForce RTX 4090,580.105.08,2700,3105,450.00,55,94
mobilenetv3_large,ort-cuda,fp32,mobilenetv3_large-ort-fp32-opt1-b16,16,1,0,7,0.44,2.1706,2.2913,460.59,218.7691,56.1967,0.474863,0.352882,0.001030745,25.7,75,20.0,0,NVIDIA GeForce RTX 4090,580.105.08,2700,3105,450.00,55,94
mobilenetv3_large,ort-cuda,fp32,mobilenetv3_large-ort-fp32-opt1-b16,16,1,0,8,0.44,2.1729,2.2959,460.1,219.2952,56.1967,0.476506,0.354397,0.001035401,25.6,69,20.0,0,NVIDIA GeForce RTX 4090,580.105.08,2700,3105,450.00,55,65
mobilenetv3_large,ort-cuda,fp32,mobilenetv3_large-ort-fp32-opt2-b1,1,2,0,1,0.44,1.3939,1.5026,717.15,94.8859,58.505,0.132264,0.050712,0.000184365,61.7,71,20.0,0,NVIDIA GeForce RTX 4090,580.105.08,2715,3105,450.00,40,19
mobilenetv3_large,ort-cuda,fp32,mobilenetv3_large-ort-fp32-opt2-b1,1,2,0,2,0.44,1.3929,1.5026,717.66,94.8993,58.505,0.132185,0.050693,0.000184119,61.6,75,20.0,0,NVIDIA GeForce RTX 4090,580.105.08,2715,3105,450.00,38,44
mobilenetv3_large,ort-cuda,fp32,mobilenetv3_large-ort-fp32-opt2-b1,1,2,0,3,0.44,1.3704,1.4973,729.48,94.9739,58.505,0.130148,0.049975,0.000178348,61.6,74,20.0,0,NVIDIA GeForce RTX 4090,580.105.08,2715,3105,450.00,38,44
mobilenetv3_large,ort-cuda,fp32,mobilenetv3_large-ort-fp32-opt2-b1,1,2,0,4,0.44,1.4087,1.5066,709.6,94.5112,58.505,0.133138,0.050722,0.000187552,61.9,76,20.0,0,NVIDIA GeForce RTX 4090,580.105.08,2730,3105,450.00,37,41
mobilenetv3_large,ort-cuda,fp32,mobilenetv3_large-ort-fp32-opt2-b1,1,2,0,5,0.44,1.4072,1.5111,710.37,94.4186,58.505,0.132867,0.050538,0.000186972,62.0,76,20.0,0,NVIDIA GeForce RTX 4090,580.105.08,2730,3105,450.00,37,44
mobilenetv3_large,ort-cuda,fp32,mobilenetv3_large-ort-fp32-opt2-b1,1,2,0,6,0.44,1.376,1.4993,726.47,94.3747,58.505,0.129863,0.049358,0.000178697,62.0,76,20.0,0,NVIDIA GeForce RTX 4090,580.105.08,2730,3105,450.00,35,15
mobilenetv3_large,ort-cuda,fp32,mobilenetv3_large-ort-fp32-opt2-b1,1,2,0,7,0.44,1.3998,1.5042,714.16,94.8089,58.505,0.132709,0.050817,0.00018576,61.7,74,20.0,0,NVIDIA GeForce RTX 4090,580.105.08,2730,3105,450.00,37,44
mobilenetv3_large,ort-cuda,fp32,mobilenetv3_large-ort-fp32-opt2-b1,1,2,0,8,0.44,1.4258,1.5224,701.11,94.6117,58.505,0.134894,0.05148,0.000192327,61.8,75,20.0,0,NVIDIA GeForce RTX 4090,580.105.08,2730,3105,450.00,36,44
mobilenetv3_large,ort-cuda,fp32,mobilenetv3_large-ort-fp32-opt2-b16,16,2,0,1,0.44,2.1748,2.2913,459.69,212.1812,57.0383,0.461452,0.337405,0.001003565,26.9,75,20.0,0,NVIDIA GeForce RTX 4090,580.105.08,2715,3105,450.00,49,94
mobilenetv3_large,ort-cuda,fp32,mobilenetv3_large-ort-fp32-opt2-b16,16,2,0,2,0.44,2.1766,2.2969,459.29,214.8637,57.0383,0.467679,0.343528,0.001017965,26.5,75,20.0,0,NVIDIA GeForce RTX 4090,580.105.08,2715,3105,450.00,51,94
mobilenetv3_large,ort-cuda,fp32,mobilenetv3_large-ort-fp32-opt2-b16,16,2,0,3,0.44,2.1787,2.3027,458.86,215.6122,57.0383,0.469759,0.345488,0.001023474,26.5,74,20.0,0,NVIDIA GeForce RTX 4090,580.105.08,2700,3105,450.00,52,95
mobilenetv3_large,ort-cuda,fp32,mobilenetv3_large-ort-fp32-opt2-b16,16,2,0,4,0.44,2.1795,2.3013,458.7,217.5861,57.0383,0.474224,0.34991,0.001033562,26.2,72,20.0,0,NVIDIA GeForce RTX 4090,580.105.08,2700,3105,450.00,48,0
mobilenetv3_large,ort-cuda,fp32,mobilenetv3_large-ort-fp32-opt2-b16,16,2,0,5,0.44,2.1792,2.2949,458.75,217.8517,57.0383,0.474748,0.350448,0.001034581,26.2,72,20.0,0,NVIDIA GeForce RTX 4090,580.105.08,2700,3105,450.00,53,94
mobilenetv3_large,ort-cuda,fp32,mobilenetv3_large-ort-fp32-opt2-b16,16,2,0,6,0.44,2.1812,2.3037,458.34,218.3085,57.0383,0.476168,0.351758,0.001038604,26.1,73,20.0,0,NVIDIA GeForce RTX 4090,580.105.08,2700,3105,450.00,53,95
mobilenetv3_large,ort-cuda,fp32,mobilenetv3_large-ort-fp32-opt2-b16,16,2,0,7,0.44,2.1805,2.3042,458.48,216.484,57.0383,0.472053,0.347678,0.001029333,26.3,72,20.0,0,NVIDIA GeForce RTX 4090,580.105.08,2700,3105,450.00,53,94
mobilenetv3_large,ort-cuda,fp32,mobilenetv3_large-ort-fp32-opt2-b16,16,2,0,8,0.44,2.1808,2.3038,458.42,219.1612,57.0383,0.477941,0.353553,0.001042281,26.0,72,20.0,0,NVIDIA GeForce RTX 4090,580.105.08,2700,3105,450.00,54,94
mobilenetv3_large,ort-cuda,fp32,mobilenetv3_large-ort-fp32-opt99-b1,1,99,0,1,0.44,1.3715,1.4981,728.86,95.4258,58.4967,0.130872,0.050647,0.000179486,61.3,76,20.0,0,NVIDIA GeForce RTX 4090,580.105.08,2715,3105,450.00,40,44
mobilenetv3_large,ort-cuda,fp32,mobilenetv3_large-ort-fp32-opt99-b1,1,99,0,2,0.44,1.382,1.507,723.27,95.3067,58.4967,0.131716,0.050872,0.000182034,61.4,78,20.0,0,NVIDIA GeForce RTX 4090,580.105.08,2715,3105,450.00,38,44
mobilenetv3_large,ort-cuda,fp32,mobilenetv3_large-ort-fp32-opt99-b1,1,99,0,3,0.44,1.3821,1.5069,723.26,94.8417,58.4967,0.131077,0.050231,0.000181156,61.7,76,20.0,0,NVIDIA GeForce RTX 4090,580.105.08,2715,3105,450.00,37,43
mobilenetv3_large,ort-cuda,fp32,mobilenetv3_large-ort-fp32-opt99-b1,1,99,0,4,0.44,1.3707,1.4995,729.26,94.4732,58.4967,0.129494,0.049313,0.000177496,61.9,78,20.0,0,NVIDIA GeForce RTX 4090,580.105.08,2715,3105,450.00,35,0
mobilenetv3_large,ort-cuda,fp32,mobilenetv3_large-ort-fp32-opt99-b1,1,99,0,5,0.44,1.37,1.4968,729.63,94.4161,58.4967,0.129351,0.04921,0.000177211,62.0,75,20.0,0,NVIDIA GeForce RTX 4090,580.105.08,2715,3105,450.00,36,44
mobilenetv3_large,ort-cuda,fp32,mobilenetv3_large-ort-fp32-opt99-b1,1,99,0,6,0.44,1.3745,1.5037,727.26,93.4667,58.4967,0.128467,0.048065,0.000176573,62.6,75,20.0,0,NVIDIA GeForce RTX 4090,580.105.08,2730,3105,450.00,35,36
mobilenetv3_large,ort-cuda,fp32,mobilenetv3_large-ort-fp32-opt99-b1,1,99,0,7,0.44,1.3792,1.5016,724.78,93.9387,58.4967,0.129557,0.048881,0.000178682,62.3,76,20.0,0,NVIDIA GeForce RTX 4090,580.105.08,2730,3105,450.00,35,43
mobilenetv3_large,ort-cuda,fp32,mobilenetv3_large-ort-fp32-opt99-b1,1,99,0,8,0.44,1.37,1.5003,729.65,93.7137,58.4967,0.128385,0.048246,0.000175885,62.4,78,20.0,0,NVIDIA GeForce RTX 4090,580.105.08,2730,3105,450.00,34,30
mobilenetv3_large,ort-cuda,fp32,mobilenetv3_large-ort-fp32-opt99-b16,16,99,0,1,0.44,2.1758,2.298,459.49,210.6488,56.635,0.458322,0.335098,0.0009972,26.9,73,20.0,0,NVIDIA GeForce RTX 4090,580.105.08,2715,3105,450.00,47,95
mobilenetv3_large,ort-cuda,fp32,mobilenetv3_large-ort-fp32-opt99-b16,16,99,0,2,0.44,2.1759,2.2961,459.44,215.5016,56.635,0.46892,0.345686,0.001020346,26.3,73,20.0,0,NVIDIA GeForce RTX 4090,580.105.08,2715,3105,450.00,50,94
mobilenetv3_large,ort-cuda,fp32,mobilenetv3_large-ort-fp32-opt99-b16,16,99,0,3,0.44,2.1769,2.2998,459.25,212.4874,56.635,0.462558,0.339271,0.001006932,26.7,76,20.0,0,NVIDIA GeForce RTX 4090,580.105.08,2715,3105,450.00,51,95
mobilenetv3_large,ort-cuda,fp32,mobilenetv3_large-ort-fp32-opt99-b16,16,99,0,4,0.44,2.1795,2.3048,458.7,216.3465,56.635,0.471524,0.348089,0.001027678,26.2,75,20.0,0,NVIDIA GeForce RTX 4090,580.105.08,2700,3105,450.00,51,95
mobilenetv3_large,ort-cuda,fp32,mobilenetv3_large-ort-fp32-opt99-b16,16,99,0,5,0.44,2.1811,2.3035,458.36,215.3579,56.635,0.469709,0.346184,0.001024463,26.3,75,20.0,0,NVIDIA GeForce RTX 4090,580.105.08,2700,3105,450.00,50,21
mobilenetv3_large,ort-cuda,fp32,mobilenetv3_large-ort-fp32-opt99-b16,16,99,0,6,0.44,2.1811,2.3043,458.37,217.0807,56.635,0.473468,0.349943,0.001032669,26.1,76,20.0,0,NVIDIA GeForce RTX 4090,580.105.08,2700,3105,450.00,46,95
mobilenetv3_large,ort-cuda,fp32,mobilenetv3_large-ort-fp32-opt99-b16,16,99,0,7,0.44,2.1798,2.3012,458.64,216.7861,56.635,0.472544,0.349093,0.001030037,26.1,75,20.0,0,NVIDIA GeForce RTX 4090,580.105.08,2700,3105,450.00,53,95
mobilenetv3_large,ort-cuda,fp32,mobilenetv3_large-ort-fp32-opt99-b16,16,99,0,8,0.44,2.1804,2.3033,458.5,216.3744,56.635,0.471785,0.348297,0.001028685,26.2,75,20.0,0,NVIDIA GeForce RTX 4090,580.105.08,2700,3105,450.00,52,94
resnet18,torch-eager,fp32,resnet18-torch-eager-fp32-b1,1,,,1,1.8,1.9698,2.1046,507.54,85.7791,57.6667,0.168966,0.055375,0.000332826,67.2,75,20.0,0,NVIDIA GeForce RTX 4090,580.105.08,2520,3105,450.00,35,22
resnet18,torch-eager,fp32,resnet18-torch-eager-fp32-b1,1,,,2,1.8,1.9973,2.1529,500.53,85.5449,57.6667,0.17086,0.055682,0.000341262,67.4,75,20.0,0,NVIDIA GeForce RTX 4090,580.105.08,2520,3105,450.00,34,16
resnet18,torch-eager,fp32,resnet18-torch-eager-fp32-b1,1,,,3,1.8,1.9452,2.0725,513.94,85.9878,57.6667,0.167267,0.055091,0.000325373,67.1,79,20.0,0,NVIDIA GeForce RTX 4090,580.105.08,2520,3105,450.00,35,23
resnet18,torch-eager,fp32,resnet18-torch-eager-fp32-b1,1,,,4,1.8,1.9441,2.0712,514.24,86.486,57.6667,0.168136,0.056027,0.000326872,66.7,75,20.0,0,NVIDIA GeForce RTX 4090,580.105.08,2520,3105,450.00,35,23
resnet18,torch-eager,fp32,resnet18-torch-eager-fp32-b1,1,,,5,1.8,1.947,2.075,513.46,86.7712,57.6667,0.168947,0.056668,0.000328947,66.5,76,20.0,0,NVIDIA GeForce RTX 4090,580.105.08,2520,3105,450.00,33,23
resnet18,torch-eager,fp32,resnet18-torch-eager-fp32-b1,1,,,6,1.8,2.0373,2.1957,490.72,85.4005,57.6667,0.173987,0.056502,0.000354463,67.5,76,20.0,0,NVIDIA GeForce RTX 4090,580.105.08,2520,3105,450.00,33,0
resnet18,torch-eager,fp32,resnet18-torch-eager-fp32-b1,1,,,7,1.8,1.9461,2.0732,513.72,85.9851,57.6667,0.167332,0.055109,0.000325639,67.1,75,20.0,0,NVIDIA GeForce RTX 4090,580.105.08,2520,3105,450.00,34,17
resnet18,torch-eager,fp32,resnet18-torch-eager-fp32-b1,1,,,8,1.8,1.9521,2.0779,512.12,85.8992,57.6667,0.167687,0.055114,0.000327347,67.1,75,20.0,0,NVIDIA GeForce RTX 4090,580.105.08,2520,3105,450.00,34,23
resnet18,torch-eager,fp32,resnet18-torch-eager-fp32-b16,16,,,1,1.8,2.0179,2.1528,495.45,236.3603,57.0333,0.47694,0.361855,0.000962393,24.1,75,20.0,0,NVIDIA GeForce RTX 4090,580.105.08,2715,3105,450.00,48,78
resnet18,torch-eager,fp32,resnet18-torch-eager-fp32-b16,16,,,2,1.8,1.971,2.0993,507.21,242.5941,57.0333,0.47816,0.365746,0.000942469,23.5,75,20.0,0,NVIDIA GeForce RTX 4090,580.105.08,2700,3105,450.00,52,88
resnet18,torch-eager,fp32,resnet18-torch-eager-fp32-b16,16,,,3,1.8,2.0146,2.1681,496.25,246.6721,57.0333,0.496942,0.382044,0.001001132,23.1,76,20.0,0,NVIDIA GeForce RTX 4090,580.105.08,2700,3105,450.00,53,87
resnet18,torch-eager,fp32,resnet18-torch-eager-fp32-b16,16,,,4,1.8,2.0231,2.1588,494.16,245.578,57.0333,0.496827,0.381443,0.001005126,23.2,76,20.0,0,NVIDIA GeForce RTX 4090,580.105.08,2700,3105,450.00,55,92
resnet18,torch-eager,fp32,resnet18-torch-eager-fp32-b16,16,,,5,1.8,2.008,2.1286,497.86,249.0937,57.0333,0.500188,0.385664,0.001004395,22.9,76,20.0,0,NVIDIA GeForce RTX 4090,580.105.08,2700,3105,450.00,48,22
resnet18,torch-eager,fp32,resnet18-torch-eager-fp32-b16,16,,,6,1.8,2.0285,2.1992,492.85,244.6221,57.0333,0.496205,0.380515,0.001006528,23.3,76,20.0,0,NVIDIA GeForce RTX 4090,580.105.08,2700,3105,450.00,55,91
resnet18,torch-eager,fp32,resnet18-torch-eager-fp32-b16,16,,,7,1.8,1.9717,2.1045,507.04,251.3187,57.0333,0.495526,0.383073,0.000977032,22.7,77,20.0,0,NVIDIA GeForce RTX 4090,580.105.08,2700,3105,450.00,51,80
resnet18,torch-eager,fp32,resnet18-torch-eager-fp32-b16,16,,,8,1.8,1.9743,2.1017,506.36,252.5042,57.0333,0.498522,0.385921,0.000984239,22.6,74,20.0,0,NVIDIA GeForce RTX 4090,580.105.08,2700,3105,450.00,56,92
resnet18,torch-eager,fp16,resnet18-torch-eager-fp16-b1,1,,,1,1.8,2.3683,2.5036,422.15,77.7809,57.7833,0.184209,0.047361,0.000436265,74.3,75,20.0,0,NVIDIA GeForce RTX 4090,580.105.08,2520,3105,450.00,35,22
resnet18,torch-eager,fp16,resnet18-torch-eager-fp16-b1,1,,,2,1.8,2.4506,2.6321,407.97,76.9401,57.7833,0.188546,0.046945,0.000462041,75.1,76,20.0,0,NVIDIA GeForce RTX 4090,580.105.08,2520,3105,450.00,34,21
resnet18,torch-eager,fp16,resnet18-torch-eager-fp16-b1,1,,,3,1.8,2.4082,2.5921,415.15,77.0821,57.7833,0.185631,0.046476,0.000447041,75.0,70,20.0,0,NVIDIA GeForce RTX 4090,580.105.08,2520,3105,450.00,32,6
resnet18,torch-eager,fp16,resnet18-torch-eager-fp16-b1,1,,,4,1.8,2.4072,2.5775,415.33,76.728,57.7833,0.184697,0.045603,0.000444596,75.3,74,20.0,0,NVIDIA GeForce RTX 4090,580.105.08,2520,3105,450.00,33,21
resnet18,torch-eager,fp16,resnet18-torch-eager-fp16-b1,1,,,5,1.8,2.4445,2.6139,408.99,76.736,57.7833,0.187581,0.04633,0.000458541,75.3,72,20.0,0,NVIDIA GeForce RTX 4090,580.105.08,2520,3105,450.00,32,21
resnet18,torch-eager,fp16,resnet18-torch-eager-fp16-b1,1,,,6,1.8,2.4481,2.62,408.39,77.2586,57.7833,0.189135,0.047677,0.000463019,74.8,63,20.0,0,NVIDIA GeForce RTX 4090,580.105.08,2520,3105,450.00,32,20
resnet18,torch-eager,fp16,resnet18-torch-eager-fp16-b1,1,,,7,1.8,2.3849,2.5271,419.21,77.2335,57.7833,0.184192,0.046386,0.000439273,74.8,63,20.0,0,NVIDIA GeForce RTX 4090,580.105.08,2520,3105,450.00,32,20
resnet18,torch-eager,fp16,resnet18-torch-eager-fp16-b1,1,,,8,1.8,2.4311,2.6116,411.24,77.2222,57.7833,0.187734,0.047257,0.000456396,74.8,74,20.0,0,NVIDIA GeForce RTX 4090,580.105.08,2520,3105,450.00,32,21
resnet18,torch-eager,fp16,resnet18-torch-eager-fp16-b16,16,,,1,1.8,2.3878,2.5679,418.7,159.3647,57.3733,0.380532,0.243536,0.000908639,36.0,76,20.0,0,NVIDIA GeForce RTX 4090,580.105.08,2730,3105,450.00,40,49
resnet18,torch-eager,fp16,resnet18-torch-eager-fp16-b16,16,,,2,1.8,2.4153,2.5936,413.94,158.7553,57.3733,0.383434,0.244863,0.000926091,36.1,75,20.0,0,NVIDIA GeForce RTX 4090,580.105.08,2715,3105,450.00,42,48
resnet18,torch-eager,fp16,resnet18-torch-eager-fp16-b16,16,,,3,1.8,2.4503,2.6159,408.02,160.5881,57.3733,0.393489,0.252907,0.000964164,35.7,75,20.0,0,NVIDIA GeForce RTX 4090,580.105.08,2715,3105,450.00,43,47
resnet18,torch-eager,fp16,resnet18-torch-eager-fp16-b16,16,,,4,1.8,2.4422,2.6254,409.38,161.1077,57.3733,0.393452,0.253337,0.000960875,35.6,73,20.0,0,NVIDIA GeForce RTX 4090,580.105.08,2715,3105,450.00,41,50
resnet18,torch-eager,fp16,resnet18-torch-eager-fp16-b16,16,,,5,1.8,2.4513,2.6176,407.85,160.2543,57.3733,0.392838,0.252196,0.00096298,35.8,74,20.0,0,NVIDIA GeForce RTX 4090,580.105.08,2715,3105,450.00,44,47
resnet18,torch-eager,fp16,resnet18-torch-eager-fp16-b16,16,,,6,1.8,2.4632,2.6198,405.88,161.7834,57.3733,0.398508,0.257185,0.000981611,35.5,76,20.0,0,NVIDIA GeForce RTX 4090,580.105.08,2715,3105,450.00,40,13
resnet18,torch-eager,fp16,resnet18-torch-eager-fp16-b16,16,,,7,1.8,2.439,2.6108,409.91,162.3971,57.3733,0.396083,0.256151,0.000966039,35.3,75,20.0,0,NVIDIA GeForce RTX 4090,580.105.08,2715,3105,450.00,44,47
resnet18,torch-eager,fp16,resnet18-torch-eager-fp16-b16,16,,,8,1.8,2.4655,2.6244,405.51,161.47,57.3733,0.398097,0.256646,0.000981489,35.5,73,20.0,0,NVIDIA GeForce RTX 4090,580.105.08,2715,3105,450.00,44,47
mobilenetv3_large,torch-eager,fp32,mobilenetv3_large-torch-eager-fp32-b1,1,,,1,0.44,4.9395,5.2346,202.43,70.5368,57.365,0.348417,0.065062,0.001721006,81.3,76,20.0,0,NVIDIA GeForce RTX 4090,580.105.08,2520,3105,450.00,33,11
mobilenetv3_large,torch-eager,fp32,mobilenetv3_large-torch-eager-fp32-b1,1,,,2,0.44,4.9938,5.3226,200.22,70.3139,57.365,0.351136,0.064664,0.001753512,81.6,75,20.0,0,NVIDIA GeForce RTX 4090,580.105.08,2520,3105,450.00,32,11
mobilenetv3_large,torch-eager,fp32,mobilenetv3_large-torch-eager-fp32-b1,1,,,3,0.44,4.9065,5.1798,203.79,70.2016,57.365,0.344444,0.062983,0.001690019,81.7,76,20.0,0,NVIDIA GeForce RTX 4090,580.105.08,2520,3105,450.00,31,11
mobilenetv3_large,torch-eager,fp32,mobilenetv3_large-torch-eager-fp32-b1,1,,,4,0.44,5.0959,5.3696,196.21,70.0356,57.365,0.356893,0.064568,0.001818684,81.9,72,20.0,0,NVIDIA GeForce RTX 4090,580.105.08,2520,3105,450.00,31,11
mobilenetv3_large,torch-eager,fp32,mobilenetv3_large-torch-eager-fp32-b1,1,,,5,0.44,5.1241,5.3859,195.14,69.6805,57.365,0.357048,0.063106,0.001829542,82.3,73,20.0,0,NVIDIA GeForce RTX 4090,580.105.08,2520,3105,450.00,31,11
mobilenetv3_large,torch-eager,fp32,mobilenetv3_large-torch-eager-fp32-b1,1,,,6,0.44,5.1598,5.3984,193.78,69.7387,57.365,0.359839,0.063846,0.001856701,82.3,70,20.0,0,NVIDIA GeForce RTX 4090,580.105.08,2520,3105,450.00,30,0
mobilenetv3_large,torch-eager,fp32,mobilenetv3_large-torch-eager-fp32-b1,1,,,7,0.44,5.0918,5.3729,196.37,69.8297,57.365,0.355557,0.063467,0.001810411,82.1,71,20.0,0,NVIDIA GeForce RTX 4090,580.105.08,2520,3105,450.00,30,11
mobilenetv3_large,torch-eager,fp32,mobilenetv3_large-torch-eager-fp32-b1,1,,,8,0.44,4.9931,5.3166,200.25,69.6796,57.365,0.34792,0.061489,0.001737217,82.3,76,20.0,0,NVIDIA GeForce RTX 4090,580.105.08,2520,3105,450.00,31,11
mobilenetv3_large,torch-eager,fp32,mobilenetv3_large-torch-eager-fp32-b16,16,,,1,0.44,5.0746,5.3698,197.04,110.5649,56.6,0.561076,0.273852,0.002847256,51.2,77,20.0,0,NVIDIA GeForce RTX 4090,580.105.08,2520,3105,450.00,35,32
mobilenetv3_large,torch-eager,fp32,mobilenetv3_large-torch-eager-fp32-b16,16,,,2,0.44,4.9736,5.2653,201.04,111.7429,56.6,0.555768,0.27426,0.002764183,50.7,72,20.0,0,NVIDIA GeForce RTX 4090,580.105.08,2520,3105,450.00,36,34
mobilenetv3_large,torch-eager,fp32,mobilenetv3_large-torch-eager-fp32-b16,16,,,3,0.44,4.9295,5.1782,202.84,112.9193,56.6,0.556638,0.277627,0.002743961,50.1,72,20.0,0,NVIDIA GeForce RTX 4090,580.105.08,2520,3105,450.00,37,33
mobilenetv3_large,torch-eager,fp32,mobilenetv3_large-torch-eager-fp32-b16,16,,,4,0.44,4.9406,5.2173,202.38,112.8449,56.6,0.557519,0.277882,0.002754468,50.2,76,20.0,0,NVIDIA GeForce RTX 4090,580.105.08,2520,3105,450.00,37,34
mobilenetv3_large,torch-eager,fp32,mobilenetv3_large-torch-eager-fp32-b16,16,,,5,0.44,4.9783,5.2633,200.85,112.1943,56.6,0.558539,0.276766,0.002780583,50.4,74,20.0,0,NVIDIA GeForce RTX 4090,580.105.08,2520,3105,450.00,37,33
mobilenetv3_large,torch-eager,fp32,mobilenetv3_large-torch-eager-fp32-b16,16,,,6,0.44,4.9848,5.2692,200.58,112.2432,56.6,0.559513,0.277372,0.002789078,50.4,75,20.0,0,NVIDIA GeForce RTX 4090,580.105.08,2520,3105,450.00,36,34
mobilenetv3_large,torch-eager,fp32,mobilenetv3_large-torch-eager-fp32-b16,16,,,7,0.44,5.2683,5.5669,189.79,109.8684,56.6,0.578821,0.280635,0.003049411,51.5,76,20.0,0,NVIDIA GeForce RTX 4090,580.105.08,2520,3105,450.00,37,31
mobilenetv3_large,torch-eager,fp32,mobilenetv3_large-torch-eager-fp32-b16,16,,,8,0.44,5.2379,5.545,190.9,110.4863,56.6,0.578712,0.282249,0.00303121,51.2,75,20.0,0,NVIDIA GeForce RTX 4090,580.105.08,2520,3105,450.00,37,32
mobilenetv3_large,torch-eager,fp16,mobilenetv3_large-torch-eager-fp16-b1,1,,,1,0.44,5.6408,5.9725,177.26,69.1434,56.745,0.390026,0.069937,0.002200065,82.1,74,20.0,0,NVIDIA GeForce RTX 4090,580.105.08,2520,3105,450.00,32,0
mobilenetv3_large,torch-eager,fp16,mobilenetv3_large-torch-eager-fp16-b1,1,,,2,0.44,5.8081,6.1594,172.16,68.7325,56.745,0.399204,0.069624,0.002318608,82.6,72,20.0,0,NVIDIA GeForce RTX 4090,580.105.08,2520,3105,450.00,32,12
mobilenetv3_large,torch-eager,fp16,mobilenetv3_large-torch-eager-fp16-b1,1,,,3,0.44,5.8001,6.1518,172.39,68.7796,56.745,0.398928,0.069802,0.002313815,82.5,75,20.0,0,NVIDIA GeForce RTX 4090,580.105.08,2520,3105,450.00,32,11
mobilenetv3_large,torch-eager,fp16,mobilenetv3_large-torch-eager-fp16-b1,1,,,4,0.44,5.8612,6.184,170.59,68.9187,56.745,0.403948,0.071353,0.002367627,82.3,75,20.0,0,NVIDIA GeForce RTX 4090,580.105.08,2520,3105,450.00,32,11
mobilenetv3_large,torch-eager,fp16,mobilenetv3_large-torch-eager-fp16-b1,1,,,5,0.44,5.8531,6.1444,170.83,69.1844,56.745,0.404944,0.072809,0.002370186,82.0,72,20.0,0,NVIDIA GeForce RTX 4090,580.105.08,2520,3105,450.00,31,11
mobilenetv3_large,torch-eager,fp16,mobilenetv3_large-torch-eager-fp16-b1,1,,,6,0.44,5.8812,6.1858,170.02,68.9211,56.745,0.405338,0.07161,0.002383874,82.3,73,20.0,0,NVIDIA GeForce RTX 4090,580.105.08,2520,3105,450.00,31,0
mobilenetv3_large,torch-eager,fp16,mobilenetv3_large-torch-eager-fp16-b1,1,,,7,0.44,5.613,5.9352,178.14,68.7656,56.745,0.385981,0.067471,0.002166508,82.5,77,20.0,0,NVIDIA GeForce RTX 4090,580.105.08,2520,3105,450.00,32,12
mobilenetv3_large,torch-eager,fp16,mobilenetv3_large-torch-eager-fp16-b1,1,,,8,0.44,5.7839,6.1215,172.87,68.7568,56.745,0.397682,0.069475,0.002300155,82.5,74,20.0,0,NVIDIA GeForce RTX 4090,580.105.08,2520,3105,450.00,32,11
mobilenetv3_large,torch-eager,fp16,mobilenetv3_large-torch-eager-fp16-b16,16,,,1,0.44,5.8183,6.1727,171.86,89.7869,56.085,0.522404,0.196087,0.003039479,62.5,75,20.0,0,NVIDIA GeForce RTX 4090,580.105.08,2520,3105,450.00,34,22
mobilenetv3_large,torch-eager,fp16,mobilenetv3_large-torch-eager-fp16-b16,16,,,2,0.44,5.7318,6.0708,174.45,89.8367,56.085,0.514925,0.193458,0.002951448,62.4,75,20.0,0,NVIDIA GeForce RTX 4090,580.105.08,2520,3105,450.00,33,23
mobilenetv3_large,torch-eager,fp16,mobilenetv3_large-torch-eager-fp16-b16,16,,,3,0.44,5.6803,5.9456,176.03,90.5431,56.085,0.51431,0.195732,0.002921424,61.9,77,20.0,0,NVIDIA GeForce RTX 4090,580.105.08,2520,3105,450.00,35,16
mobilenetv3_large,torch-eager,fp16,mobilenetv3_large-torch-eager-fp16-b16,16,,,4,0.44,5.7648,6.0787,173.45,90.6795,56.085,0.522752,0.199431,0.003013576,61.8,75,20.0,0,NVIDIA GeForce RTX 4090,580.105.08,2520,3105,450.00,35,23
mobilenetv3_large,torch-eager,fp16,mobilenetv3_large-torch-eager-fp16-b16,16,,,5,0.44,5.7906,6.1099,172.68,89.9134,56.085,0.520652,0.195887,0.003014888,62.4,74,20.0,0,NVIDIA GeForce RTX 4090,580.105.08,2520,3105,450.00,35,22
mobilenetv3_large,torch-eager,fp16,mobilenetv3_large-torch-eager-fp16-b16,16,,,6,0.44,5.782,6.1304,172.93,90.0307,56.085,0.520553,0.196272,0.003009817,62.3,73,20.0,0,NVIDIA GeForce RTX 4090,580.105.08,2520,3105,450.00,35,22
mobilenetv3_large,torch-eager,fp16,mobilenetv3_large-torch-eager-fp16-b16,16,,,7,0.44,5.6709,5.9274,176.32,90.9514,56.085,0.515774,0.197723,0.002924883,61.7,70,20.0,0,NVIDIA GeForce RTX 4090,580.105.08,2520,3105,450.00,34,24
mobilenetv3_large,torch-eager,fp16,mobilenetv3_large-torch-eager-fp16-b16,16,,,8,0.44,5.7444,6.1384,174.06,90.3707,56.085,0.519126,0.196951,0.002982073,62.1,73,20.0,0,NVIDIA GeForce RTX 4090,580.105.08,2520,3105,450.00,33,0
resnet18,torch-compile,fp32,resnet18-torch-compile-fp32-b1,1,,,1,1.8,1.4797,1.6059,675.57,93.4659,55.505,0.138305,0.056172,0.000204656,59.4,59,20.0,0,NVIDIA GeForce RTX 4090,580.105.08,2520,3105,450.00,33,16
resnet18,torch-compile,fp32,resnet18-torch-compile-fp32-b1,1,,,2,1.8,1.5101,1.6235,661.97,93.1238,55.505,0.140629,0.056809,0.000212367,59.6,60,20.0,0,NVIDIA GeForce RTX 4090,580.105.08,2520,3105,450.00,35,34
resnet18,torch-compile,fp32,resnet18-torch-compile-fp32-b1,1,,,3,1.8,1.4828,1.6098,674.16,93.9627,55.505,0.13933,0.057026,0.000206602,59.1,70,20.0,0,NVIDIA GeForce RTX 4090,580.105.08,2520,3105,450.00,36,35
resnet18,torch-compile,fp32,resnet18-torch-compile-fp32-b1,1,,,4,1.8,1.5279,1.6719,654.27,93.3926,55.505,0.142696,0.057889,0.000218026,59.4,73,20.0,0,NVIDIA GeForce RTX 4090,580.105.08,2520,3105,450.00,36,33
resnet18,torch-compile,fp32,resnet18-torch-compile-fp32-b1,1,,,5,1.8,1.4954,1.6099,668.51,94.3258,55.505,0.141051,0.058051,0.000210922,58.8,73,20.0,0,NVIDIA GeForce RTX 4090,580.105.08,2520,3105,450.00,36,35
resnet18,torch-compile,fp32,resnet18-torch-compile-fp32-b1,1,,,6,1.8,1.4986,1.6166,667.07,93.8793,55.505,0.140686,0.057507,0.000210829,59.1,72,20.0,0,NVIDIA GeForce RTX 4090,580.105.08,2520,3105,450.00,36,35
resnet18,torch-compile,fp32,resnet18-torch-compile-fp32-b1,1,,,7,1.8,1.5221,1.6335,656.76,93.694,55.505,0.142614,0.058128,0.000217076,59.2,75,20.0,0,NVIDIA GeForce RTX 4090,580.105.08,2520,3105,450.00,36,24
resnet18,torch-compile,fp32,resnet18-torch-compile-fp32-b1,1,,,8,1.8,1.4891,1.6095,671.33,94.265,55.505,0.140367,0.057716,0.000209016,58.9,74,20.0,0,NVIDIA GeForce RTX 4090,580.105.08,2520,3105,450.00,36,33
resnet18,torch-compile,fp32,resnet18-torch-compile-fp32-b16,16,,,1,1.8,1.6064,1.6928,622.33,255.0203,64.52,0.409655,0.306013,0.000658055,25.3,74,20.0,0,NVIDIA GeForce RTX 4090,580.105.08,2715,3105,450.00,52,91
resnet18,torch-compile,fp32,resnet18-torch-compile-fp32-b16,16,,,2,1.8,1.6056,1.6807,622.6,265.7393,64.52,0.426681,0.323085,0.000685096,24.3,72,20.0,0,NVIDIA GeForce RTX 4090,580.105.08,2700,3105,450.00,54,26
resnet18,torch-compile,fp32,resnet18-torch-compile-fp32-b16,16,,,3,1.8,1.608,1.6826,621.7,263.8434,64.52,0.42425,0.320505,0.000682179,24.5,53,20.0,0,NVIDIA GeForce RTX 4090,580.105.08,2700,3105,450.00,46,0
resnet18,torch-compile,fp32,resnet18-torch-compile-fp32-b16,16,,,4,1.8,1.6091,1.6856,621.26,266.7132,64.52,0.429172,0.325352,0.000690586,24.2,63,20.0,0,NVIDIA GeForce RTX 4090,580.105.08,2700,3105,450.00,59,91
resnet18,torch-compile,fp32,resnet18-torch-compile-fp32-b16,16,,,5,1.8,1.6124,1.6915,620.0,269.2575,64.52,0.434141,0.330111,0.000699993,24.0,57,20.0,0,NVIDIA GeForce RTX 4090,580.105.08,2700,3105,450.00,50,91
resnet18,torch-compile,fp32,resnet18-torch-compile-fp32-b16,16,,,6,1.8,1.6122,1.697,620.07,269.4626,64.52,0.434428,0.330409,0.000700385,23.9,65,20.0,0,NVIDIA GeForce RTX 4090,580.105.08,2700,3105,450.00,54,60
resnet18,torch-compile,fp32,resnet18-torch-compile-fp32-b16,16,,,7,1.8,1.6089,1.6773,621.36,273.4389,64.52,0.439927,0.336123,0.000707784,23.6,62,20.0,0,NVIDIA GeForce RTX 4090,580.105.08,2700,3105,450.00,60,91
resnet18,torch-compile,fp32,resnet18-torch-compile-fp32-b16,16,,,8,1.8,1.6113,1.6813,620.43,268.1868,64.52,0.432117,0.328159,0.00069625,24.1,71,20.0,0,NVIDIA GeForce RTX 4090,580.105.08,2700,3105,450.00,61,91
resnet18,torch-compile,fp16,resnet18-torch-compile-fp16-b1,1,,,1,1.8,1.3111,1.4362,762.4,77.2096,64.184,0.101231,0.017078,0.000132725,83.1,76,20.0,0,NVIDIA GeForce RTX 4090,580.105.08,2520,3105,450.00,35,19
resnet18,torch-compile,fp16,resnet18-torch-compile-fp16-b1,1,,,2,1.8,1.2788,1.4003,781.66,77.5972,64.184,0.099231,0.017153,0.000126896,82.7,75,20.0,0,NVIDIA GeForce RTX 4090,580.105.08,2520,3105,450.00,35,20
resnet18,torch-compile,fp16,resnet18-torch-compile-fp16-b1,1,,,3,1.8,1.2863,1.3972,777.11,77.7553,64.184,0.100014,0.017456,0.000128644,82.5,75,20.0,0,NVIDIA GeForce RTX 4090,580.105.08,2520,3105,450.00,34,19
resnet18,torch-compile,fp16,resnet18-torch-compile-fp16-b1,1,,,4,1.8,1.2811,1.3961,780.25,77.7666,64.184,0.099627,0.017401,0.000127632,82.5,74,20.0,0,NVIDIA GeForce RTX 4090,580.105.08,2520,3105,450.00,34,20
resnet18,torch-compile,fp16,resnet18-torch-compile-fp16-b1,1,,,5,1.8,1.2744,1.399,784.34,77.8309,64.184,0.099189,0.017392,0.000126408,82.5,74,20.0,0,NVIDIA GeForce RTX 4090,580.105.08,2520,3105,450.00,34,8
resnet18,torch-compile,fp16,resnet18-torch-compile-fp16-b1,1,,,6,1.8,1.2758,1.3986,783.45,77.4368,64.184,0.098798,0.016909,0.000126051,82.9,75,20.0,0,NVIDIA GeForce RTX 4090,580.105.08,2520,3105,450.00,34,21
resnet18,torch-compile,fp16,resnet18-torch-compile-fp16-b1,1,,,7,1.8,1.2777,1.3945,782.32,77.4777,64.184,0.098993,0.016985,0.000126484,82.8,75,20.0,0,NVIDIA GeForce RTX 4090,580.105.08,2520,3105,450.00,34,20
resnet18,torch-compile,fp16,resnet18-torch-compile-fp16-b1,1,,,8,1.8,1.2898,1.4007,775.0,77.9082,64.184,0.100483,0.017701,0.000129598,82.4,77,20.0,0,NVIDIA GeForce RTX 4090,580.105.08,2520,3105,450.00,33,11
resnet18,torch-compile,fp16,resnet18-torch-compile-fp16-b16,16,,,1,1.8,1.2881,1.3901,775.98,176.2851,63.1717,0.227082,0.145707,0.000292515,35.8,74,20.0,0,NVIDIA GeForce RTX 4090,580.105.08,2715,3105,450.00,39,55
resnet18,torch-compile,fp16,resnet18-torch-compile-fp16-b16,16,,,2,1.8,1.312,1.4488,761.89,178.4144,63.1717,0.234072,0.151194,0.000307093,35.4,71,20.0,0,NVIDIA GeForce RTX 4090,580.105.08,2715,3105,450.00,46,56
resnet18,torch-compile,fp16,resnet18-torch-compile-fp16-b16,16,,,3,1.8,1.302,1.4249,767.72,182.9414,63.1717,0.238191,0.155941,0.000310128,34.5,72,20.0,0,NVIDIA GeForce RTX 4090,580.105.08,2715,3105,450.00,43,56
resnet18,torch-compile,fp16,resnet18-torch-compile-fp16-b16,16,,,4,1.8,1.2914,1.3925,774.05,183.4661,63.1717,0.23692,0.155343,0.000305948,34.4,75,20.0,0,NVIDIA GeForce RTX 4090,580.105.08,2715,3105,450.00,48,54
resnet18,torch-compile,fp16,resnet18-torch-compile-fp16-b16,16,,,5,1.8,1.2888,1.3896,775.58,181.2897,63.1717,0.233647,0.152231,0.000301126,34.8,74,20.0,0,NVIDIA GeForce RTX 4090,580.105.08,2715,3105,450.00,48,53
resnet18,torch-compile,fp16,resnet18-torch-compile-fp16-b16,16,,,6,1.8,1.3088,1.4371,763.76,182.3012,63.1717,0.238589,0.155913,0.000312258,34.7,76,20.0,0,NVIDIA GeForce RTX 4090,580.105.08,2715,3105,450.00,45,55
resnet18,torch-compile,fp16,resnet18-torch-compile-fp16-b16,16,,,7,1.8,1.2826,1.3804,779.32,184.1082,63.1717,0.236139,0.155114,0.000302874,34.3,74,20.0,0,NVIDIA GeForce RTX 4090,580.105.08,2715,3105,450.00,49,56
resnet18,torch-compile,fp16,resnet18-torch-compile-fp16-b16,16,,,8,1.8,1.2588,1.3663,794.03,184.5129,63.1717,0.232272,0.152749,0.000292393,34.2,72,20.0,0,NVIDIA GeForce RTX 4090,580.105.08,2715,3105,450.00,49,56
mobilenetv3_large,torch-compile,fp32,mobilenetv3_large-torch-compile-fp32-b1,1,,,1,0.44,3.1334,3.3251,319.09,69.7027,60.115,0.218404,0.030042,0.000684338,86.2,70,20.0,0,NVIDIA GeForce RTX 4090,580.105.08,2520,3105,450.00,33,14
mobilenetv3_large,torch-compile,fp32,mobilenetv3_large-torch-compile-fp32-b1,1,,,2,0.44,3.2103,3.4859,311.44,70.2499,60.115,0.225524,0.032536,0.000724005,85.6,71,20.0,0,NVIDIA GeForce RTX 4090,580.105.08,2520,3105,450.00,33,14
mobilenetv3_large,torch-compile,fp32,mobilenetv3_large-torch-compile-fp32-b1,1,,,3,0.44,3.187,3.4507,313.72,70.0708,60.115,0.223313,0.031729,0.000711693,85.8,73,20.0,0,NVIDIA GeForce RTX 4090,580.105.08,2520,3105,450.00,33,14
mobilenetv3_large,torch-compile,fp32,mobilenetv3_large-torch-compile-fp32-b1,1,,,4,0.44,3.1541,3.3768,316.99,70.5726,60.115,0.222595,0.032985,0.000702091,85.2,73,20.0,0,NVIDIA GeForce RTX 4090,580.105.08,2520,3105,450.00,33,13
mobilenetv3_large,torch-compile,fp32,mobilenetv3_large-torch-compile-fp32-b1,1,,,5,0.44,3.1587,3.3832,316.53,69.6138,60.115,0.219892,0.030004,0.000694583,86.4,71,20.0,0,NVIDIA GeForce RTX 4090,580.105.08,2520,3105,450.00,32,0
mobilenetv3_large,torch-compile,fp32,mobilenetv3_large-torch-compile-fp32-b1,1,,,6,0.44,3.1719,3.4255,315.22,69.5895,60.115,0.220729,0.030052,0.000700123,86.4,73,20.0,0,NVIDIA GeForce RTX 4090,580.105.08,2520,3105,450.00,33,13
mobilenetv3_large,torch-compile,fp32,mobilenetv3_large-torch-compile-fp32-b1,1,,,7,0.44,3.1798,3.4221,314.43,69.9403,60.115,0.222394,0.031242,0.000707163,86.0,70,20.0,0,NVIDIA GeForce RTX 4090,580.105.08,2520,3105,450.00,32,0
mobilenetv3_large,torch-compile,fp32,mobilenetv3_large-torch-compile-fp32-b1,1,,,8,0.44,3.1648,3.3925,315.92,69.7615,60.115,0.220784,0.03053,0.000698745,86.2,72,20.0,0,NVIDIA GeForce RTX 4090,580.105.08,2520,3105,450.00,32,0
mobilenetv3_large,torch-compile,fp32,mobilenetv3_large-torch-compile-fp32-b16,16,,,1,0.44,3.2902,3.5621,303.88,105.0571,64.3917,0.345658,0.133797,0.001137284,61.3,75,20.0,0,NVIDIA GeForce RTX 4090,580.105.08,2520,3105,450.00,36,32
mobilenetv3_large,torch-compile,fp32,mobilenetv3_large-torch-compile-fp32-b16,16,,,2,0.44,3.1703,3.3911,315.38,107.0314,64.3917,0.339318,0.135179,0.001075726,60.2,74,20.0,0,NVIDIA GeForce RTX 4090,580.105.08,2520,3105,450.00,37,32
mobilenetv3_large,torch-compile,fp32,mobilenetv3_large-torch-compile-fp32-b16,16,,,3,0.44,3.1542,3.3269,316.98,108.1421,64.3917,0.341104,0.137999,0.001075919,59.5,72,20.0,0,NVIDIA GeForce RTX 4090,580.105.08,2520,3105,450.00,37,34
mobilenetv3_large,torch-compile,fp32,mobilenetv3_large-torch-compile-fp32-b16,16,,,4,0.44,3.1745,3.4236,314.95,107.9025,64.3917,0.342539,0.138126,0.001087401,59.7,73,20.0,0,NVIDIA GeForce RTX 4090,580.105.08,2520,3105,450.00,34,0
mobilenetv3_large,torch-compile,fp32,mobilenetv3_large-torch-compile-fp32-b16,16,,,5,0.44,3.1452,3.3143,317.89,107.0035,64.3917,0.336548,0.134023,0.001058513,60.2,74,20.0,0,NVIDIA GeForce RTX 4090,580.105.08,2520,3105,450.00,36,34
mobilenetv3_large,torch-compile,fp32,mobilenetv3_large-torch-compile-fp32-b16,16,,,6,0.44,3.1689,3.3846,315.51,107.6203,64.3917,0.341038,0.136987,0.001080715,59.8,70,20.0,0,NVIDIA GeForce RTX 4090,580.105.08,2520,3105,450.00,35,0
mobilenetv3_large,torch-compile,fp32,mobilenetv3_large-torch-compile-fp32-b16,16,,,7,0.44,3.2329,3.5006,309.26,106.9884,64.3917,0.345887,0.137713,0.001118232,60.2,74,20.0,0,NVIDIA GeForce RTX 4090,580.105.08,2520,3105,450.00,34,0
mobilenetv3_large,torch-compile,fp32,mobilenetv3_large-torch-compile-fp32-b16,16,,,8,0.44,3.1854,3.4138,313.87,106.7566,64.3917,0.340065,0.13495,0.001083253,60.3,70,20.0,0,NVIDIA GeForce RTX 4090,580.105.08,2520,3105,450.00,37,32
mobilenetv3_large,torch-compile,fp16,mobilenetv3_large-torch-compile-fp16-b1,1,,,1,0.44,3.1744,3.4129,314.97,67.9753,59.4483,0.215778,0.027068,0.000684956,87.5,74,20.0,0,NVIDIA GeForce RTX 4090,580.105.08,2520,3105,450.00,31,12
mobilenetv3_large,torch-compile,fp16,mobilenetv3_large-torch-compile-fp16-b1,1,,,2,0.44,3.107,3.2854,321.79,68.4904,59.4483,0.212802,0.028094,0.000661184,86.8,73,20.0,0,NVIDIA GeForce RTX 4090,580.105.08,2520,3105,450.00,31,12
mobilenetv3_large,torch-compile,fp16,mobilenetv3_large-torch-compile-fp16-b1,1,,,3,0.44,3.1177,3.31,320.69,68.6078,59.4483,0.213899,0.028556,0.000666875,86.6,76,20.0,0,NVIDIA GeForce RTX 4090,580.105.08,2520,3105,450.00,31,12
mobilenetv3_large,torch-compile,fp16,mobilenetv3_large-torch-compile-fp16-b1,1,,,4,0.44,3.2006,3.4437,312.38,68.7168,59.4483,0.219936,0.029665,0.000703933,86.5,74,20.0,0,NVIDIA GeForce RTX 4090,580.105.08,2520,3105,450.00,31,12
mobilenetv3_large,torch-compile,fp16,mobilenetv3_large-torch-compile-fp16-b1,1,,,5,0.44,3.1264,3.346,319.8,68.5404,59.4483,0.214286,0.028426,0.000669951,86.7,72,20.0,0,NVIDIA GeForce RTX 4090,580.105.08,2520,3105,450.00,31,7
mobilenetv3_large,torch-compile,fp16,mobilenetv3_large-torch-compile-fp16-b1,1,,,6,0.44,3.1304,3.3564,319.39,68.6556,59.4483,0.214919,0.028823,0.000672783,86.6,71,20.0,0,NVIDIA GeForce RTX 4090,580.105.08,2520,3105,450.00,31,11
mobilenetv3_large,torch-compile,fp16,mobilenetv3_large-torch-compile-fp16-b1,1,,,7,0.44,3.1374,3.3522,318.68,69.0579,59.4483,0.21666,0.030149,0.00067974,86.1,67,20.0,0,NVIDIA GeForce RTX 4090,580.105.08,2520,3105,450.00,31,12
mobilenetv3_large,torch-compile,fp16,mobilenetv3_large-torch-compile-fp16-b1,1,,,8,0.44,3.1179,3.2993,320.67,68.9386,59.4483,0.214944,0.02959,0.000670175,86.2,71,20.0,0,NVIDIA GeForce RTX 4090,580.105.08,2520,3105,450.00,31,7
mobilenetv3_large,torch-compile,fp16,mobilenetv3_large-torch-compile-fp16-b16,16,,,1,0.44,3.2306,3.4198,309.49,89.2161,58.185,0.288222,0.100249,0.000931134,65.2,71,20.0,0,NVIDIA GeForce RTX 4090,580.105.08,2520,3105,450.00,34,22
mobilenetv3_large,torch-compile,fp16,mobilenetv3_large-torch-compile-fp16-b16,16,,,2,0.44,3.3112,3.5854,301.95,90.0319,58.185,0.298117,0.105452,0.000987133,64.6,68,20.0,0,NVIDIA GeForce RTX 4090,580.105.08,2520,3105,450.00,34,21
mobilenetv3_large,torch-compile,fp16,mobilenetv3_large-torch-compile-fp16-b16,16,,,3,0.44,3.3631,3.6196,297.29,89.0668,58.185,0.299543,0.103859,0.001007399,65.3,73,20.0,0,NVIDIA GeForce RTX 4090,580.105.08,2520,3105,450.00,35,21
mobilenetv3_large,torch-compile,fp16,mobilenetv3_large-torch-compile-fp16-b16,16,,,4,0.44,3.4072,3.6486,293.44,88.682,58.185,0.302158,0.10391,0.001029515,65.6,70,20.0,0,NVIDIA GeForce RTX 4090,580.105.08,2520,3105,450.00,34,21
mobilenetv3_large,torch-compile,fp16,mobilenetv3_large-torch-compile-fp16-b16,16,,,5,0.44,3.3614,3.6158,297.45,89.311,58.185,0.300209,0.104627,0.001009121,65.1,73,20.0,0,NVIDIA GeForce RTX 4090,580.105.08,2520,3105,450.00,34,2
mobilenetv3_large,torch-compile,fp16,mobilenetv3_large-torch-compile-fp16-b16,16,,,6,0.44,3.3889,3.6233,295.03,88.7005,58.185,0.300596,0.103414,0.001018688,65.6,76,20.0,0,NVIDIA GeForce RTX 4090,580.105.08,2520,3105,450.00,34,0
mobilenetv3_large,torch-compile,fp16,mobilenetv3_large-torch-compile-fp16-b16,16,,,7,0.44,3.361,3.6084,297.48,88.8871,58.185,0.298752,0.103191,0.001004116,65.5,68,20.0,0,NVIDIA GeForce RTX 4090,580.105.08,2520,3105,450.00,35,22
mobilenetv3_large,torch-compile,fp16,mobilenetv3_large-torch-compile-fp16-b16,16,,,8,0.44,3.3411,3.5983,299.25,90.0132,58.185,0.300747,0.106342,0.001004836,64.6,69,20.0,0,NVIDIA GeForce RTX 4090,580.105.08,2520,3105,450.00,36,22
